 ! Fichier pour convertir les lettres grecques de Beta-Code en Utf-8 et réciproquement				
 ! Dans le sens Beta-Code --> utf-8, l'ordre a son importance :				
 ! - les lettres les plus décorées passent devant  !				
 ! Pour le sens utf-8 --> betacode, j'ai gardé les alpha […] with tonos,				
 ! qu'il ne faut pas utiliser (remplacés par alpha […] with oxia).				
 !				
 ! Philippe, juin 2014.				
 !				
 !\	U+0300	̀	204128	COMBINING GRAVE ACCENT
 !/	U+0301	́	204129	COMBINING ACUTE ACCENT
 !	U+0302	̂	204130	COMBINING CIRCUMFLEX ACCENT	
 !	U+0303	̃	204131	COMBINING TILDE	
 !	U+0304	̄	204132	COMBINING MACRON	
 !	U+0305	̅	204133	COMBINING OVERLINE	
 !	U+0306	̆	204134	COMBINING BREVE	
 !				
 ! 5 caractères				
 !				
*)\a|	U+1F8A	ᾊ	225190138	GREEK CAPITAL LETTER ALPHA WITH PSILI AND VARIA AND PROSGEGRAMMENI
*(\a|	U+1F8B	ᾋ	225190139	GREEK CAPITAL LETTER ALPHA WITH DASIA AND VARIA AND PROSGEGRAMMENI
*)/a|	U+1F8C	ᾌ	225190140	GREEK CAPITAL LETTER ALPHA WITH PSILI AND OXIA AND PROSGEGRAMMENI
*(/a|	U+1F8D	ᾍ	225190141	GREEK CAPITAL LETTER ALPHA WITH DASIA AND OXIA AND PROSGEGRAMMENI
*)=a|	U+1F8E	ᾎ	225190142	GREEK CAPITAL LETTER ALPHA WITH PSILI AND PERISPOMENI AND PROSGEGRAMMENI
*(=a|	U+1F8F	ᾏ	225190143	GREEK CAPITAL LETTER ALPHA WITH DASIA AND PERISPOMENI AND PROSGEGRAMMENI
*)\h|	U+1F9A	ᾚ	225190154	GREEK CAPITAL LETTER ETA WITH PSILI AND VARIA AND PROSGEGRAMMENI
*(\h|	U+1F9B	ᾛ	225190155	GREEK CAPITAL LETTER ETA WITH DASIA AND VARIA AND PROSGEGRAMMENI
*)/h|	U+1F9C	ᾜ	225190156	GREEK CAPITAL LETTER ETA WITH PSILI AND OXIA AND PROSGEGRAMMENI
*(/h|	U+1F9D	ᾝ	225190157	GREEK CAPITAL LETTER ETA WITH DASIA AND OXIA AND PROSGEGRAMMENI
*)=h|	U+1F9E	ᾞ	225190158	GREEK CAPITAL LETTER ETA WITH PSILI AND PERISPOMENI AND PROSGEGRAMMENI
*(=h|	U+1F9F	ᾟ	225190159	GREEK CAPITAL LETTER ETA WITH DASIA AND PERISPOMENI AND PROSGEGRAMMENI
*)\w|	U+1FAA	ᾪ	225190170	GREEK CAPITAL LETTER OMEGA WITH PSILI AND VARIA AND PROSGEGRAMMENI
*(\w|	U+1FAB	ᾫ	225190171	GREEK CAPITAL LETTER OMEGA WITH DASIA AND VARIA AND PROSGEGRAMMENI
*)/w|	U+1FAC	ᾬ	225190172	GREEK CAPITAL LETTER OMEGA WITH PSILI AND OXIA AND PROSGEGRAMMENI
*(/w|	U+1FAD	ᾭ	225190173	GREEK CAPITAL LETTER OMEGA WITH DASIA AND OXIA AND PROSGEGRAMMENI
*)=w|	U+1FAE	ᾮ	225190174	GREEK CAPITAL LETTER OMEGA WITH PSILI AND PERISPOMENI AND PROSGEGRAMMENI
*(=w|	U+1FAF	ᾯ	225190175	GREEK CAPITAL LETTER OMEGA WITH DASIA AND PERISPOMENI AND PROSGEGRAMMENI
 !				
 ! 4 caractères				
 !				
*)\a	U+1F0A	Ἂ	225188138	GREEK CAPITAL LETTER ALPHA WITH PSILI AND VARIA
*(\a	U+1F0B	Ἃ	225188139	GREEK CAPITAL LETTER ALPHA WITH DASIA AND VARIA
*)/a	U+1F0C	Ἄ	225188140	GREEK CAPITAL LETTER ALPHA WITH PSILI AND OXIA
*(/a	U+1F0D	Ἅ	225188141	GREEK CAPITAL LETTER ALPHA WITH DASIA AND OXIA
*)=a	U+1F0E	Ἆ	225188142	GREEK CAPITAL LETTER ALPHA WITH PSILI AND PERISPOMENI
*(=a	U+1F0F	Ἇ	225188143	GREEK CAPITAL LETTER ALPHA WITH DASIA AND PERISPOMENI
*)\e	U+1F1A	Ἒ	225188154	GREEK CAPITAL LETTER EPSILON WITH PSILI AND VARIA
*(\e	U+1F1B	Ἓ	225188155	GREEK CAPITAL LETTER EPSILON WITH DASIA AND VARIA
*)/e	U+1F1C	Ἔ	225188156	GREEK CAPITAL LETTER EPSILON WITH PSILI AND OXIA
*(/e	U+1F1D	Ἕ	225188157	GREEK CAPITAL LETTER EPSILON WITH DASIA AND OXIA
*)\h	U+1F2A	Ἢ	225188170	GREEK CAPITAL LETTER ETA WITH PSILI AND VARIA
*(\h	U+1F2B	Ἣ	225188171	GREEK CAPITAL LETTER ETA WITH DASIA AND VARIA
*)/h	U+1F2C	Ἤ	225188172	GREEK CAPITAL LETTER ETA WITH PSILI AND OXIA
*(/h	U+1F2D	Ἥ	225188173	GREEK CAPITAL LETTER ETA WITH DASIA AND OXIA
*)=h	U+1F2E	Ἦ	225188174	GREEK CAPITAL LETTER ETA WITH PSILI AND PERISPOMENI
*(=h	U+1F2F	Ἧ	225188175	GREEK CAPITAL LETTER ETA WITH DASIA AND PERISPOMENI
*)\i	U+1F3A	Ἲ	225188186	GREEK CAPITAL LETTER IOTA WITH PSILI AND VARIA
*(\i	U+1F3B	Ἳ	225188187	GREEK CAPITAL LETTER IOTA WITH DASIA AND VARIA
*)/i	U+1F3C	Ἴ	225188188	GREEK CAPITAL LETTER IOTA WITH PSILI AND OXIA
*(/i	U+1F3D	Ἵ	225188189	GREEK CAPITAL LETTER IOTA WITH DASIA AND OXIA
*)=i	U+1F3E	Ἶ	225188190	GREEK CAPITAL LETTER IOTA WITH PSILI AND PERISPOMENI
*(=i	U+1F3F	Ἷ	225188191	GREEK CAPITAL LETTER IOTA WITH DASIA AND PERISPOMENI
*)\o	U+1F4A	Ὂ	225189138	GREEK CAPITAL LETTER OMICRON WITH PSILI AND VARIA
*(\o	U+1F4B	Ὃ	225189139	GREEK CAPITAL LETTER OMICRON WITH DASIA AND VARIA
*)/o	U+1F4C	Ὄ	225189140	GREEK CAPITAL LETTER OMICRON WITH PSILI AND OXIA
*(/o	U+1F4D	Ὅ	225189141	GREEK CAPITAL LETTER OMICRON WITH DASIA AND OXIA
*(\u	U+1F5B	Ὓ	225189155	GREEK CAPITAL LETTER UPSILON WITH DASIA AND VARIA
*(/u	U+1F5D	Ὕ	225189157	GREEK CAPITAL LETTER UPSILON WITH DASIA AND OXIA
*(=u	U+1F5F	Ὗ	225189159	GREEK CAPITAL LETTER UPSILON WITH DASIA AND PERISPOMENI
*)\w	U+1F6A	Ὢ	225189170	GREEK CAPITAL LETTER OMEGA WITH PSILI AND VARIA
*(\w	U+1F6B	Ὣ	225189171	GREEK CAPITAL LETTER OMEGA WITH DASIA AND VARIA
*)/w	U+1F6C	Ὤ	225189172	GREEK CAPITAL LETTER OMEGA WITH PSILI AND OXIA
*(/w	U+1F6D	Ὥ	225189173	GREEK CAPITAL LETTER OMEGA WITH DASIA AND OXIA
*)=w	U+1F6E	Ὦ	225189174	GREEK CAPITAL LETTER OMEGA WITH PSILI AND PERISPOMENI
*(=w	U+1F6F	Ὧ	225189175	GREEK CAPITAL LETTER OMEGA WITH DASIA AND PERISPOMENI
a)\|	U+1F82	ᾂ	225190130	GREEK SMALL LETTER ALPHA WITH PSILI AND VARIA AND YPOGEGRAMMENI
a(\|	U+1F83	ᾃ	225190131	GREEK SMALL LETTER ALPHA WITH DASIA AND VARIA AND YPOGEGRAMMENI
a)/|	U+1F84	ᾄ	225190132	GREEK SMALL LETTER ALPHA WITH PSILI AND OXIA AND YPOGEGRAMMENI
a(/|	U+1F85	ᾅ	225190133	GREEK SMALL LETTER ALPHA WITH DASIA AND OXIA AND YPOGEGRAMMENI
a)=|	U+1F86	ᾆ	225190134	GREEK SMALL LETTER ALPHA WITH PSILI AND PERISPOMENI AND YPOGEGRAMMENI
a(=|	U+1F87	ᾇ	225190135	GREEK SMALL LETTER ALPHA WITH DASIA AND PERISPOMENI AND YPOGEGRAMMENI
*)a|	U+1F88	ᾈ	225190136	GREEK CAPITAL LETTER ALPHA WITH PSILI AND PROSGEGRAMMENI
*(a|	U+1F89	ᾉ	225190137	GREEK CAPITAL LETTER ALPHA WITH DASIA AND PROSGEGRAMMENI
h)\|	U+1F92	ᾒ	225190146	GREEK SMALL LETTER ETA WITH PSILI AND VARIA AND YPOGEGRAMMENI
h(\|	U+1F93	ᾓ	225190147	GREEK SMALL LETTER ETA WITH DASIA AND VARIA AND YPOGEGRAMMENI
h)/|	U+1F94	ᾔ	225190148	GREEK SMALL LETTER ETA WITH PSILI AND OXIA AND YPOGEGRAMMENI
h(/|	U+1F95	ᾕ	225190149	GREEK SMALL LETTER ETA WITH DASIA AND OXIA AND YPOGEGRAMMENI
h)=|	U+1F96	ᾖ	225190150	GREEK SMALL LETTER ETA WITH PSILI AND PERISPOMENI AND YPOGEGRAMMENI
h(=|	U+1F97	ᾗ	225190151	GREEK SMALL LETTER ETA WITH DASIA AND PERISPOMENI AND YPOGEGRAMMENI
*)h|	U+1F98	ᾘ	225190152	GREEK CAPITAL LETTER ETA WITH PSILI AND PROSGEGRAMMENI
*(h|	U+1F99	ᾙ	225190153	GREEK CAPITAL LETTER ETA WITH DASIA AND PROSGEGRAMMENI
w)\|	U+1FA2	ᾢ	225190162	GREEK SMALL LETTER OMEGA WITH PSILI AND VARIA AND YPOGEGRAMMENI
w(\|	U+1FA3	ᾣ	225190163	GREEK SMALL LETTER OMEGA WITH DASIA AND VARIA AND YPOGEGRAMMENI
w)/|	U+1FA4	ᾤ	225190164	GREEK SMALL LETTER OMEGA WITH PSILI AND OXIA AND YPOGEGRAMMENI
w(/|	U+1FA5	ᾥ	225190165	GREEK SMALL LETTER OMEGA WITH DASIA AND OXIA AND YPOGEGRAMMENI
w)=|	U+1FA6	ᾦ	225190166	GREEK SMALL LETTER OMEGA WITH PSILI AND PERISPOMENI AND YPOGEGRAMMENI
w(=|	U+1FA7	ᾧ	225190167	GREEK SMALL LETTER OMEGA WITH DASIA AND PERISPOMENI AND YPOGEGRAMMENI
*)w|	U+1FA8	ᾨ	225190168	GREEK CAPITAL LETTER OMEGA WITH PSILI AND PROSGEGRAMMENI
*(w|	U+1FA9	ᾩ	225190169	GREEK CAPITAL LETTER OMEGA WITH DASIA AND PROSGEGRAMMENI
 !				
 ! 3 caractères				
 !				
a)\	U+1F02	ἂ	225188130	GREEK SMALL LETTER ALPHA WITH PSILI AND VARIA
a(\	U+1F03	ἃ	225188131	GREEK SMALL LETTER ALPHA WITH DASIA AND VARIA
a)/	U+1F04	ἄ	225188132	GREEK SMALL LETTER ALPHA WITH PSILI AND OXIA
a(/	U+1F05	ἅ	225188133	GREEK SMALL LETTER ALPHA WITH DASIA AND OXIA
a)=	U+1F06	ἆ	225188134	GREEK SMALL LETTER ALPHA WITH PSILI AND PERISPOMENI
a(=	U+1F07	ἇ	225188135	GREEK SMALL LETTER ALPHA WITH DASIA AND PERISPOMENI
*)a	U+1F08	Ἀ	225188136	GREEK CAPITAL LETTER ALPHA WITH PSILI
*(a	U+1F09	Ἁ	225188137	GREEK CAPITAL LETTER ALPHA WITH DASIA
e)\	U+1F12	ἒ	225188146	GREEK SMALL LETTER EPSILON WITH PSILI AND VARIA
e(\	U+1F13	ἓ	225188147	GREEK SMALL LETTER EPSILON WITH DASIA AND VARIA
e)/	U+1F14	ἔ	225188148	GREEK SMALL LETTER EPSILON WITH PSILI AND OXIA
e(/	U+1F15	ἕ	225188149	GREEK SMALL LETTER EPSILON WITH DASIA AND OXIA
*)e	U+1F18	Ἐ	225188152	GREEK CAPITAL LETTER EPSILON WITH PSILI
*(e	U+1F19	Ἑ	225188153	GREEK CAPITAL LETTER EPSILON WITH DASIA
h)\	U+1F22	ἢ	225188162	GREEK SMALL LETTER ETA WITH PSILI AND VARIA
h(\	U+1F23	ἣ	225188163	GREEK SMALL LETTER ETA WITH DASIA AND VARIA
h)/	U+1F24	ἤ	225188164	GREEK SMALL LETTER ETA WITH PSILI AND OXIA
h(/	U+1F25	ἥ	225188165	GREEK SMALL LETTER ETA WITH DASIA AND OXIA
h)=	U+1F26	ἦ	225188166	GREEK SMALL LETTER ETA WITH PSILI AND PERISPOMENI
h(=	U+1F27	ἧ	225188167	GREEK SMALL LETTER ETA WITH DASIA AND PERISPOMENI
*)h	U+1F28	Ἠ	225188168	GREEK CAPITAL LETTER ETA WITH PSILI
*(h	U+1F29	Ἡ	225188169	GREEK CAPITAL LETTER ETA WITH DASIA
i)\	U+1F32	ἲ	225188178	GREEK SMALL LETTER IOTA WITH PSILI AND VARIA
i(\	U+1F33	ἳ	225188179	GREEK SMALL LETTER IOTA WITH DASIA AND VARIA
i)/	U+1F34	ἴ	225188180	GREEK SMALL LETTER IOTA WITH PSILI AND OXIA
i(/	U+1F35	ἵ	225188181	GREEK SMALL LETTER IOTA WITH DASIA AND OXIA
i)=	U+1F36	ἶ	225188182	GREEK SMALL LETTER IOTA WITH PSILI AND PERISPOMENI
i(=	U+1F37	ἷ	225188183	GREEK SMALL LETTER IOTA WITH DASIA AND PERISPOMENI
*)i	U+1F38	Ἰ	225188184	GREEK CAPITAL LETTER IOTA WITH PSILI
*(i	U+1F39	Ἱ	225188185	GREEK CAPITAL LETTER IOTA WITH DASIA
o)\	U+1F42	ὂ	225189130	GREEK SMALL LETTER OMICRON WITH PSILI AND VARIA
o(\	U+1F43	ὃ	225189131	GREEK SMALL LETTER OMICRON WITH DASIA AND VARIA
o)/	U+1F44	ὄ	225189132	GREEK SMALL LETTER OMICRON WITH PSILI AND OXIA
o(/	U+1F45	ὅ	225189133	GREEK SMALL LETTER OMICRON WITH DASIA AND OXIA
*)o	U+1F48	Ὀ	225189136	GREEK CAPITAL LETTER OMICRON WITH PSILI
*(o	U+1F49	Ὁ	225189137	GREEK CAPITAL LETTER OMICRON WITH DASIA
u)\	U+1F52	ὒ	225189146	GREEK SMALL LETTER UPSILON WITH PSILI AND VARIA
u(\	U+1F53	ὓ	225189147	GREEK SMALL LETTER UPSILON WITH DASIA AND VARIA
u)/	U+1F54	ὔ	225189148	GREEK SMALL LETTER UPSILON WITH PSILI AND OXIA
u(/	U+1F55	ὕ	225189149	GREEK SMALL LETTER UPSILON WITH DASIA AND OXIA
u)=	U+1F56	ὖ	225189150	GREEK SMALL LETTER UPSILON WITH PSILI AND PERISPOMENI
u(=	U+1F57	ὗ	225189151	GREEK SMALL LETTER UPSILON WITH DASIA AND PERISPOMENI
*(u	U+1F59	Ὑ	225189153	GREEK CAPITAL LETTER UPSILON WITH DASIA
w)\	U+1F62	ὢ	225189162	GREEK SMALL LETTER OMEGA WITH PSILI AND VARIA
w(\	U+1F63	ὣ	225189163	GREEK SMALL LETTER OMEGA WITH DASIA AND VARIA
w)/	U+1F64	ὤ	225189164	GREEK SMALL LETTER OMEGA WITH PSILI AND OXIA
w(/	U+1F65	ὥ	225189165	GREEK SMALL LETTER OMEGA WITH DASIA AND OXIA
w)=	U+1F66	ὦ	225189166	GREEK SMALL LETTER OMEGA WITH PSILI AND PERISPOMENI
w(=	U+1F67	ὧ	225189167	GREEK SMALL LETTER OMEGA WITH DASIA AND PERISPOMENI
*)w	U+1F68	Ὠ	225189168	GREEK CAPITAL LETTER OMEGA WITH PSILI
*(w	U+1F69	Ὡ	225189169	GREEK CAPITAL LETTER OMEGA WITH DASIA
a)|	U+1F80	ᾀ	225190128	GREEK SMALL LETTER ALPHA WITH PSILI AND YPOGEGRAMMENI
a(|	U+1F81	ᾁ	225190129	GREEK SMALL LETTER ALPHA WITH DASIA AND YPOGEGRAMMENI
h)|	U+1F90	ᾐ	225190144	GREEK SMALL LETTER ETA WITH PSILI AND YPOGEGRAMMENI
h(|	U+1F91	ᾑ	225190145	GREEK SMALL LETTER ETA WITH DASIA AND YPOGEGRAMMENI
w)|	U+1FA0	ᾠ	225190160	GREEK SMALL LETTER OMEGA WITH PSILI AND YPOGEGRAMMENI
w(|	U+1FA1	ᾡ	225190161	GREEK SMALL LETTER OMEGA WITH DASIA AND YPOGEGRAMMENI
a=|	U+1FB7	ᾷ	225190183	GREEK SMALL LETTER ALPHA WITH PERISPOMENI AND YPOGEGRAMMENI
a\|	U+1FB2	ᾲ	225190178	GREEK SMALL LETTER ALPHA WITH VARIA AND YPOGEGRAMMENI
a/|	U+1FB4	ᾴ	225190180	GREEK SMALL LETTER ALPHA WITH OXIA AND YPOGEGRAMMENI
*\a	U+1FBA	Ὰ	225190186	GREEK CAPITAL LETTER ALPHA WITH VARIA
*/a	U+1FBB	Ά	225190187	GREEK CAPITAL LETTER ALPHA WITH OXIA
*a|	U+1FBC	ᾼ	225190188	GREEK CAPITAL LETTER ALPHA WITH PROSGEGRAMMENI
h=|	U+1FC7	ῇ	225191135	GREEK SMALL LETTER ETA WITH PERISPOMENI AND YPOGEGRAMMENI
h\|	U+1FC2	ῂ	225191130	GREEK SMALL LETTER ETA WITH VARIA AND YPOGEGRAMMENI
h/|	U+1FC4	ῄ	225191132	GREEK SMALL LETTER ETA WITH OXIA AND YPOGEGRAMMENI
*\e	U+1FC8	Ὲ	225191136	GREEK CAPITAL LETTER EPSILON WITH VARIA
*/e	U+1FC9	Έ	225191137	GREEK CAPITAL LETTER EPSILON WITH OXIA
*\h	U+1FCA	Ὴ	225191138	GREEK CAPITAL LETTER ETA WITH VARIA
*/h	U+1FCB	Ή	225191139	GREEK CAPITAL LETTER ETA WITH OXIA
*h|	U+1FCC	ῌ	225191140	GREEK CAPITAL LETTER ETA WITH PROSGEGRAMMENI
i=+	U+1FD7	ῗ	225191151	GREEK SMALL LETTER IOTA WITH DIALYTIKA AND PERISPOMENI
i\+	U+1FD2	ῒ	225191146	GREEK SMALL LETTER IOTA WITH DIALYTIKA AND VARIA
i/+	U+1FD3	ΐ	225191147	GREEK SMALL LETTER IOTA WITH DIALYTIKA AND OXIA
*\i	U+1FDA	Ὶ	225191154	GREEK CAPITAL LETTER IOTA WITH VARIA
*/i	U+1FDB	Ί	225191155	GREEK CAPITAL LETTER IOTA WITH OXIA
u\+	U+1FE2	ῢ	225191162	GREEK SMALL LETTER UPSILON WITH DIALYTIKA AND VARIA
u/+	U+1FE3	ΰ	225191163	GREEK SMALL LETTER UPSILON WITH DIALYTIKA AND OXIA
u=+	U+1FE7	ῧ	225191167	GREEK SMALL LETTER UPSILON WITH DIALYTIKA AND PERISPOMENI
*\u	U+1FEA	Ὺ	225191170	GREEK CAPITAL LETTER UPSILON WITH VARIA
*/u	U+1FEB	Ύ	225191171	GREEK CAPITAL LETTER UPSILON WITH OXIA
*(r	U+1FEC	Ῥ	225191172	GREEK CAPITAL LETTER RHO WITH DASIA
w=|	U+1FF7	ῷ	225191183	GREEK SMALL LETTER OMEGA WITH PERISPOMENI AND YPOGEGRAMMENI
w\|	U+1FF2	ῲ	225191178	GREEK SMALL LETTER OMEGA WITH VARIA AND YPOGEGRAMMENI
w/|	U+1FF4	ῴ	225191180	GREEK SMALL LETTER OMEGA WITH OXIA AND YPOGEGRAMMENI
*\o	U+1FF8	Ὸ	225191184	GREEK CAPITAL LETTER OMICRON WITH VARIA
*/o	U+1FF9	Ό	225191185	GREEK CAPITAL LETTER OMICRON WITH OXIA
*\w	U+1FFA	Ὼ	225191186	GREEK CAPITAL LETTER OMEGA WITH VARIA
*/w	U+1FFB	Ώ	225191187	GREEK CAPITAL LETTER OMEGA WITH OXIA
*w|	U+1FFC	ῼ	225191188	GREEK CAPITAL LETTER OMEGA WITH PROSGEGRAMMENI
 !
 ! Avec TONOS
 !
*/a	U+0386	Ά	206134	GREEK CAPITAL LETTER ALPHA WITH TONOS
*/e	U+0388	Έ	206136	GREEK CAPITAL LETTER EPSILON WITH TONOS
*/h	U+0389	Ή	206137	GREEK CAPITAL LETTER ETA WITH TONOS
*/i	U+038A	Ί	206138	GREEK CAPITAL LETTER IOTA WITH TONOS
*/o	U+038C	Ό	206140	GREEK CAPITAL LETTER OMICRON WITH TONOS
*/u	U+038E	Ύ	206142	GREEK CAPITAL LETTER UPSILON WITH TONOS
*/w	U+038F	Ώ	206143	GREEK CAPITAL LETTER OMEGA WITH TONOS
i/+	U+0390	ΐ	206144	GREEK SMALL LETTER IOTA WITH DIALYTIKA AND TONOS
*+i	U+03AA	Ϊ	206170	GREEK CAPITAL LETTER IOTA WITH DIALYTIKA
*+u	U+03AB	Ϋ	206171	GREEK CAPITAL LETTER UPSILON WITH DIALYTIKA
u/+	U+03B0	ΰ	206176	GREEK SMALL LETTER UPSILON WITH DIALYTIKA AND TONOS
 !				
 ! 2 caractères				
 !				
*a	U+0391	Α	206145	GREEK CAPITAL LETTER ALPHA
*b	U+0392	Β	206146	GREEK CAPITAL LETTER BETA
*g	U+0393	Γ	206147	GREEK CAPITAL LETTER GAMMA
*d	U+0394	Δ	206148	GREEK CAPITAL LETTER DELTA
*e	U+0395	Ε	206149	GREEK CAPITAL LETTER EPSILON
*z	U+0396	Ζ	206150	GREEK CAPITAL LETTER ZETA
*h	U+0397	Η	206151	GREEK CAPITAL LETTER ETA
*q	U+0398	Θ	206152	GREEK CAPITAL LETTER THETA
*i	U+0399	Ι	206153	GREEK CAPITAL LETTER IOTA
*k	U+039A	Κ	206154	GREEK CAPITAL LETTER KAPPA
*l	U+039B	Λ	206155	GREEK CAPITAL LETTER LAMDA
*m	U+039C	Μ	206156	GREEK CAPITAL LETTER MU
*n	U+039D	Ν	206157	GREEK CAPITAL LETTER NU
*c	U+039E	Ξ	206158	GREEK CAPITAL LETTER XI
*o	U+039F	Ο	206159	GREEK CAPITAL LETTER OMICRON
*p	U+03A0	Π	206160	GREEK CAPITAL LETTER PI
*r	U+03A1	Ρ	206161	GREEK CAPITAL LETTER RHO
*s	U+03A3	Σ	206163	GREEK CAPITAL LETTER SIGMA
*t	U+03A4	Τ	206164	GREEK CAPITAL LETTER TAU
*u	U+03A5	Υ	206165	GREEK CAPITAL LETTER UPSILON
*f	U+03A6	Φ	206166	GREEK CAPITAL LETTER PHI
*x	U+03A7	Χ	206167	GREEK CAPITAL LETTER CHI
*y	U+03A8	Ψ	206168	GREEK CAPITAL LETTER PSI
*w	U+03A9	Ω	206169	GREEK CAPITAL LETTER OMEGA
i+	U+03CA	ϊ	207138	GREEK SMALL LETTER IOTA WITH DIALYTIKA
u+	U+03CB	ϋ	207139	GREEK SMALL LETTER UPSILON WITH DIALYTIKA
*v	U+03DC	Ϝ	207156	GREEK LETTER DIGAMMA
a)	U+1F00	ἀ	225188128	GREEK SMALL LETTER ALPHA WITH PSILI
a(	U+1F01	ἁ	225188129	GREEK SMALL LETTER ALPHA WITH DASIA
e)	U+1F10	ἐ	225188144	GREEK SMALL LETTER EPSILON WITH PSILI
e(	U+1F11	ἑ	225188145	GREEK SMALL LETTER EPSILON WITH DASIA
h)	U+1F20	ἠ	225188160	GREEK SMALL LETTER ETA WITH PSILI
h(	U+1F21	ἡ	225188161	GREEK SMALL LETTER ETA WITH DASIA
i)	U+1F30	ἰ	225188176	GREEK SMALL LETTER IOTA WITH PSILI
i(	U+1F31	ἱ	225188177	GREEK SMALL LETTER IOTA WITH DASIA
o)	U+1F40	ὀ	225189128	GREEK SMALL LETTER OMICRON WITH PSILI
o(	U+1F41	ὁ	225189129	GREEK SMALL LETTER OMICRON WITH DASIA
u)	U+1F50	ὐ	225189144	GREEK SMALL LETTER UPSILON WITH PSILI
u(	U+1F51	ὑ	225189145	GREEK SMALL LETTER UPSILON WITH DASIA
w)	U+1F60	ὠ	225189160	GREEK SMALL LETTER OMEGA WITH PSILI
w(	U+1F61	ὡ	225189161	GREEK SMALL LETTER OMEGA WITH DASIA
a\	U+1F70	ὰ	225189176	GREEK SMALL LETTER ALPHA WITH VARIA
a/	U+1F71	ά	225189177	GREEK SMALL LETTER ALPHA WITH OXIA
e\	U+1F72	ὲ	225189178	GREEK SMALL LETTER EPSILON WITH VARIA
e/	U+1F73	έ	225189179	GREEK SMALL LETTER EPSILON WITH OXIA
h\	U+1F74	ὴ	225189180	GREEK SMALL LETTER ETA WITH VARIA
h/	U+1F75	ή	225189181	GREEK SMALL LETTER ETA WITH OXIA
i\	U+1F76	ὶ	225189182	GREEK SMALL LETTER IOTA WITH VARIA
i/	U+1F77	ί	225189183	GREEK SMALL LETTER IOTA WITH OXIA
o\	U+1F78	ὸ	225189184	GREEK SMALL LETTER OMICRON WITH VARIA
o/	U+1F79	ό	225189185	GREEK SMALL LETTER OMICRON WITH OXIA
u\	U+1F7A	ὺ	225189186	GREEK SMALL LETTER UPSILON WITH VARIA
u/	U+1F7B	ύ	225189187	GREEK SMALL LETTER UPSILON WITH OXIA
w\	U+1F7C	ὼ	225189188	GREEK SMALL LETTER OMEGA WITH VARIA
w/	U+1F7D	ώ	225189189	GREEK SMALL LETTER OMEGA WITH OXIA
a_	U+1FB1	ᾱ	225190177	GREEK SMALL LETTER ALPHA WITH MACRON
a|	U+1FB3	ᾳ	225190179	GREEK SMALL LETTER ALPHA WITH YPOGEGRAMMENI
a=	U+1FB6	ᾶ	225190182	GREEK SMALL LETTER ALPHA WITH PERISPOMENI
h|	U+1FC3	ῃ	225191131	GREEK SMALL LETTER ETA WITH YPOGEGRAMMENI
h=	U+1FC6	ῆ	225191134	GREEK SMALL LETTER ETA WITH PERISPOMENI
i_	U+1FD1	ῑ	225191145	GREEK SMALL LETTER IOTA WITH MACRON
i=	U+1FD6	ῖ	225191150	GREEK SMALL LETTER IOTA WITH PERISPOMENI
r)	U+1FE4	ῤ	225191164	GREEK SMALL LETTER RHO WITH PSILI
r(	U+1FE5	ῥ	225191165	GREEK SMALL LETTER RHO WITH DASIA
u=	U+1FE6	ῦ	225191166	GREEK SMALL LETTER UPSILON WITH PERISPOMENI
u_	U+1FE1	ῡ	225191161	GREEK SMALL LETTER UPSILON WITH MACRON
w|	U+1FF3	ῳ	225191179	GREEK SMALL LETTER OMEGA WITH YPOGEGRAMMENI
w=	U+1FF6	ῶ	225191182	GREEK SMALL LETTER OMEGA WITH PERISPOMENI
*#711	U+03FA	Ϻ	207186	Greek Letter san
*#1	U+03DE	Ϟ	207158	Greek Capital Letter koppa
*#2	U+03DA	Ϛ	207154	Greek Capital Letter stigma
*#3	U+03D8	Ϙ	207152	Greek Capital Letter archaic koppa
*#5	U+03E0	Ϡ	207160	Greek Capital Letter sampi
#711	U+03FB	ϻ	207187	Greek Letter san
#401	U+03F3	ϳ	207179	Greek Letter yot
#1	U+03DF	ϟ	207159	Greek Letter koppa
#2	U+03DB	ϛ	207155	Greek Letter stigma
#3	U+03D9	ϙ	207153	Greek Letter archaic koppa
#5	U+03E1	ϡ	207161	Greek Letter sampi
 !				
 ! 1 caractère				
 !	
_	U+0304	̄	204132	combining macro			
^	U+0306	̆	204134	combining breve			
 !+	U+0308	̈	204136	COMBINING DIAERESIS
)	U+0313	̓	204147	COMBINING COMMA ABOVE
(	U+0314	̔	204148	COMBINING REVERSED COMMA ABOVE
\	U+0340	̀	205128	COMBINING GRAVE TONE MARK
/	U+0341	́	205129	COMBINING ACUTE TONE MARK
=	U+0342	͂	205130	COMBINING GREEK PERISPOMENI
|	U+0345	ͅ	205133	COMBINING GREEK YPOGEGRAMMENI
a	U+03B1	α	206177	GREEK SMALL LETTER ALPHA
b	U+03D0	ϐ	207144	GREEK beta intérieur
! L'ordre des deux betas a de l'importance !
b	U+03B2	β	206178	GREEK SMALL LETTER BETA
g	U+03B3	γ	206179	GREEK SMALL LETTER GAMMA
d	U+03B4	δ	206180	GREEK SMALL LETTER DELTA
e	U+03B5	ε	206181	GREEK SMALL LETTER EPSILON
z	U+03B6	ζ	206182	GREEK SMALL LETTER ZETA
h	U+03B7	η	206183	GREEK SMALL LETTER ETA
q	U+03B8	θ	206184	GREEK SMALL LETTER THETA
i	U+03B9	ι	206185	GREEK SMALL LETTER IOTA
k	U+03BA	κ	206186	GREEK SMALL LETTER KAPPA
l	U+03BB	λ	206187	GREEK SMALL LETTER LAMDA
m	U+03BC	μ	206188	GREEK SMALL LETTER MU
n	U+03BD	ν	206189	GREEK SMALL LETTER NU
c	U+03BE	ξ	206190	GREEK SMALL LETTER XI
o	U+03BF	ο	206191	GREEK SMALL LETTER OMICRON
p	U+03C0	π	207128	GREEK SMALL LETTER PI
r	U+03C1	ρ	207129	GREEK SMALL LETTER RHO
s	U+03C3	σ	207131	GREEK SMALL LETTER SIGMA
t	U+03C4	τ	207132	GREEK SMALL LETTER TAU
u	U+03C5	υ	207133	GREEK SMALL LETTER UPSILON
f	U+03C6	φ	207134	GREEK SMALL LETTER PHI
x	U+03C7	χ	207135	GREEK SMALL LETTER CHI
y	U+03C8	ψ	207136	GREEK SMALL LETTER PSI
w	U+03C9	ω	207137	GREEK SMALL LETTER OMEGA
v	U+03DD	ϝ	207157	GREEK SMALL LETTER DIGAMMA
s	U+03C2	ς	207130	GREEK SMALL LETTER FINAL SIGMA
s	U+03F2 	ϲ	207178	GREEK LUNATE SIGMA SYMBOL
m	U+00B5	µ	194181	MICRO SIGN
 !	U+0343	̓	205131	COMBINING GREEK KORONIS	
 !	U+0344	̈́	205132	COMBINING GREEK DIALYTIKA TONOS	
 !	U+0370	Ͱ	205176	GREEK CAPITAL LETTER HETA	
 !	U+0371	ͱ	205177	GREEK SMALL LETTER HETA	
 !	U+0372	Ͳ	205178	GREEK CAPITAL LETTER ARCHAIC SAMPI	
 !	U+0373	ͳ	205179	GREEK SMALL LETTER ARCHAIC SAMPI	
 !	U+0374	ʹ	205180	GREEK NUMERAL SIGN	
 !	U+0375	͵	205181	GREEK LOWER NUMERAL SIGN	
 !	U+0376	Ͷ	205182	GREEK CAPITAL LETTER PAMPHYLIAN DIGAMMA	
 !	U+0377	ͷ	205183	GREEK SMALL LETTER PAMPHYLIAN DIGAMMA	
 !	U+0387	·	206135	GREEK ANO TELEIA	
a/	U+03AC	ά	206172	GREEK SMALL LETTER ALPHA WITH TONOS
e/	U+03AD	έ	206173	GREEK SMALL LETTER EPSILON WITH TONOS
h/	U+03AE	ή	206174	GREEK SMALL LETTER ETA WITH TONOS
i/	U+03AF	ί	206175	GREEK SMALL LETTER IOTA WITH TONOS
o/	U+03CC	ό	207140	GREEK SMALL LETTER OMICRON WITH TONOS
u/	U+03CD	ύ	207141	GREEK SMALL LETTER UPSILON WITH TONOS
w/	U+03CE	ώ	207142	GREEK SMALL LETTER OMEGA WITH TONOS
 !				
 !	U+1F58	὘	225189152		
 !	U+1F5A	὚	225189154		
 !	U+1F5C	὜	225189156		
 !	U+1F5E	὞	225189158		
 !a^	U+1FB0	ᾰ	225190176	GREEK SMALL LETTER ALPHA WITH VRACHY
 !	U+1FB5	᾵	225190181	
 !	U+1FB8	Ᾰ	225190184	GREEK CAPITAL LETTER ALPHA WITH VRACHY
 !	U+1FB9	Ᾱ	225190185	GREEK CAPITAL LETTER ALPHA WITH MACRON
 !	U+1FBD	᾽	225190189	GREEK KORONIS
 !	U+1FBE	ι	225190190	GREEK PROSGEGRAMMENI
 !	U+1FBF	᾿	225190191	GREEK PSILI
 !	U+1FC0	῀	225191128	GREEK PERISPOMENI
 !	U+1FC1	῁	225191129	GREEK DIALYTIKA AND PERISPOMENI
 !	U+1FC5	῅	225191133	
 !	U+1FCD	῍	225191141	GREEK PSILI AND VARIA
 !	U+1FCE	῎	225191142	GREEK PSILI AND OXIA
 !	U+1FCF	῏	225191143	GREEK PSILI AND PERISPOMENI
 !	U+1FD0	ῐ	225191144	GREEK SMALL LETTER IOTA WITH VRACHY
 !	U+1FD4	῔	225191148	
 !	U+1FD5	῕	225191149	
 !	U+1FD8	Ῐ	225191152	GREEK CAPITAL LETTER IOTA WITH VRACHY
 !	U+1FD9	Ῑ	225191153	GREEK CAPITAL LETTER IOTA WITH MACRON
 !	U+1FDC	῜	225191156	
 !	U+1FDD	῝	225191157	GREEK DASIA AND VARIA
 !	U+1FDE	῞	225191158	GREEK DASIA AND OXIA
 !	U+1FDF	῟	225191159	GREEK DASIA AND PERISPOMENI
 !	U+1FE0	ῠ	225191160	GREEK SMALL LETTER UPSILON WITH VRACHY
 !	U+1FE8	Ῠ	225191168	GREEK CAPITAL LETTER UPSILON WITH VRACHY
 !	U+1FE9	Ῡ	225191169	GREEK CAPITAL LETTER UPSILON WITH MACRON
 !	U+1FED	῭	225191173	GREEK DIALYTIKA AND VARIA
 !	U+1FEE	΅	225191174	GREEK DIALYTIKA AND OXIA
 !	U+1FEF	`	225191175	GREEK VARIA
 !	U+1FF0	῰	225191176	
 !	U+1FF1	῱	225191177	
 !	U+1FF5	῵	225191181	
 !	U+1FFD	´	225191189	GREEK OXIA
 !	U+1FFE	῾	225191190	GREEK DASIA
 !	U+1FFF	῿	225191191	